id,nom,divers,datecreat,datemodif
1,LECTEUR DE PLAQUE,,2023-10-22 12:56:02.625207,2023-10-22 12:56:02.625207
2,CONSOLE TSI,,2023-10-22 12:56:02.625082,2023-10-22 12:56:02.625082
3,BORNE DOSIMèTRE,,2023-10-22 12:56:02.625056,2023-10-22 12:56:02.625056
4,DRX EVOLUTION,,2023-10-22 12:56:02.625098,2023-10-22 12:56:02.625098
5,APELEM PLATINUM,,2023-10-22 12:56:02.625044,2023-10-22 12:56:02.625044
6,DRX1,,2023-10-22 12:56:02.625099,2023-10-22 12:56:02.625099
7,LECTEUR CR950,,2023-10-22 12:56:02.625206,2023-10-22 12:56:02.625206
8,LECTEUR ELITE,,2023-10-22 12:56:02.625208,2023-10-22 12:56:02.625208
9,REPRO 8900,,2023-10-22 12:56:02.625284,2023-10-22 12:56:02.625284
10,LECTEUR CR850,,2023-10-22 12:56:02.625205,2023-10-22 12:56:02.625205
11,MASTERPAGE,,2023-10-22 12:56:02.625225,2023-10-22 12:56:02.625225
12,REPRO 5850,,2023-10-22 12:56:02.625283,2023-10-22 12:56:02.625283
13,M6800,,2023-10-22 12:56:02.625220,2023-10-22 12:56:02.625220
14,POSTE ACQUISITION,,2023-10-22 12:56:02.625277,2023-10-22 12:56:02.625277
15,CAMERA,,2023-10-22 12:56:02.625064,2023-10-22 12:56:02.625064
16,AMPLI TETIERE,,2023-10-22 12:56:02.625037,2023-10-22 12:56:02.625037
17,MON PC DE TEST,,2023-10-22 12:56:02.625235,2023-10-22 12:56:02.625235
18,HP P2015,,2023-10-22 12:56:02.625172,2023-10-22 12:56:02.625172
19,G1406798,,2023-10-22 12:56:02.625156,2023-10-22 12:56:02.625156
20,G1406807,,2023-10-22 12:56:02.625157,2023-10-22 12:56:02.625157
21,G1004697,,2023-10-22 12:56:02.625150,2023-10-22 12:56:02.625150
22,G1102712,,2023-10-22 12:56:02.625153,2023-10-22 12:56:02.625153
23,G1102711,,2023-10-22 12:56:02.625152,2023-10-22 12:56:02.625152
24,G10109890,,2023-10-22 12:56:02.625151,2023-10-22 12:56:02.625151
25,G1204356,,2023-10-22 12:56:02.625155,2023-10-22 12:56:02.625155
26,PORTABLE,,2023-10-22 12:56:02.625274,2023-10-22 12:56:02.625274
27,CAMERA ES,,2023-10-22 12:56:02.625065,2023-10-22 12:56:02.625065
28,EMGPE,,2023-10-22 12:56:02.625122,2023-10-22 12:56:02.625122
29,G1419751,,2023-10-22 12:56:02.625158,2023-10-22 12:56:02.625158
30,ANT,,2023-10-22 12:56:02.625043,2023-10-22 12:56:02.625043
31,RELECTURE_ANT,,2023-10-22 12:56:02.625282,2023-10-22 12:56:02.625282
32,PORTABLE MME BOUREL,,2023-10-22 12:56:02.625275,2023-10-22 12:56:02.625275
33,LEXMARK C544,,2023-10-22 12:56:02.625211,2023-10-22 12:56:02.625211
34,KERATOMETRE    441707,,2023-10-22 12:56:02.625202,2023-10-22 12:56:02.625202
35,MICROSCOPE SPECULAIRE,,2023-10-22 12:56:02.625230,2023-10-22 12:56:02.625230
36,RETINOGRAPHE,,2023-10-22 12:56:02.625285,2023-10-22 12:56:02.625285
37,HOLTER,,2023-10-22 12:56:02.625169,2023-10-22 12:56:02.625169
38,XEROX EFCR,,2023-10-22 12:56:02.625362,2023-10-22 12:56:02.625362
39,PCBOXCONS1,,2023-10-22 12:56:02.625266,2023-10-22 12:56:02.625266
40,PCBOXCONS2,,2023-10-22 12:56:02.625267,2023-10-22 12:56:02.625267
41,PCBOXCONS3,,2023-10-22 12:56:02.625268,2023-10-22 12:56:02.625268
42,ECHOGRAPHE,,2023-10-22 12:56:02.625109,2023-10-22 12:56:02.625109
43,ECHOGRAPHE CCV,,2023-10-22 12:56:02.625112,2023-10-22 12:56:02.625112
44,SCANNER CT660,,2023-10-22 12:56:02.625300,2023-10-22 12:56:02.625300
45,ADVANTAGE WORKSTATION,,2023-10-22 12:56:02.625034,2023-10-22 12:56:02.625034
46,IRM 450 W GEM,,2023-10-22 12:56:02.625193,2023-10-22 12:56:02.625193
47,MAGNET MONITOR,,2023-10-22 12:56:02.625223,2023-10-22 12:56:02.625223
48,PORTABLE TECHNICIEN,,2023-10-22 12:56:02.625276,2023-10-22 12:56:02.625276
49,IGS530,,2023-10-22 12:56:02.625176,2023-10-22 12:56:02.625176
50,AW-IGS530,,2023-10-22 12:56:02.625051,2023-10-22 12:56:02.625051
51,ITU-IGS530,,2023-10-22 12:56:02.625199,2023-10-22 12:56:02.625199
52,PC BIOMEDICAL FIXE,,2023-10-22 12:56:02.625259,2023-10-22 12:56:02.625259
53,PC BIOMEDICAL PORTABLE,,2023-10-22 12:56:02.625260,2023-10-22 12:56:02.625260
54,M4160065 AWRB2,,2023-10-22 12:56:02.625217,2023-10-22 12:56:02.625217
55,G4160010 AWRM01,,2023-10-22 12:56:02.625160,2023-10-22 12:56:02.625160
56,M4160091 AWRXA,,2023-10-22 12:56:02.625219,2023-10-22 12:56:02.625219
57,LOGIC E9,,2023-10-22 12:56:02.625214,2023-10-22 12:56:02.625214
58,AW SERVEUR CLIENT,,2023-10-22 12:56:02.625050,2023-10-22 12:56:02.625050
59,AW SERVEUR,,2023-10-22 12:56:02.625049,2023-10-22 12:56:02.625049
60,ECHO VIVID E9,,2023-10-22 12:56:02.625103,2023-10-22 12:56:02.625103
61,CASE1000,,2023-10-22 12:56:02.625069,2023-10-22 12:56:02.625069
62,IGS540,,2023-10-22 12:56:02.625177,2023-10-22 12:56:02.625177
63,ITU-IGS540,,2023-10-22 12:56:02.625200,2023-10-22 12:56:02.625200
64,AW-IGS540,,2023-10-22 12:56:02.625052,2023-10-22 12:56:02.625052
65,DISCOVERY 750HD,,2023-10-22 12:56:02.625093,2023-10-22 12:56:02.625093
66,DL IGS730,,2023-10-22 12:56:02.625095,2023-10-22 12:56:02.625095
67,AW IGS730,,2023-10-22 12:56:02.625048,2023-10-22 12:56:02.625048
68,FIREWALL-IGS540,,2023-10-22 12:56:02.625146,2023-10-22 12:56:02.625146
69,ITU-IGS730,,2023-10-22 12:56:02.625201,2023-10-22 12:56:02.625201
70,FIREWALL-IGS530,,2023-10-22 12:56:02.625145,2023-10-22 12:56:02.625145
71,NAS CARDIO,,2023-10-22 12:56:02.625239,2023-10-22 12:56:02.625239
72,LOGIC E9 CCV,,2023-10-22 12:56:02.625215,2023-10-22 12:56:02.625215
73,S4160078 AWRC5,,2023-10-22 12:56:02.625295,2023-10-22 12:56:02.625295
74,VOLUSON E8 CGO,,2023-10-22 12:56:02.625351,2023-10-22 12:56:02.625351
75,SCANNER VCT1,,2023-10-22 12:56:02.625302,2023-10-22 12:56:02.625302
76,VOLUSON E8 CGO 2,,2023-10-22 12:56:02.625352,2023-10-22 12:56:02.625352
77,DL01 INNOVA,,2023-10-22 12:56:02.625096,2023-10-22 12:56:02.625096
78,AI1000 INNOVA,,2023-10-22 12:56:02.625035,2023-10-22 12:56:02.625035
79,MACLAB,,2023-10-22 12:56:02.625221,2023-10-22 12:56:02.625221
80,SENO ESSENTIAL,,2023-10-22 12:56:02.625304,2023-10-22 12:56:02.625304
81,G41600008 AWRM02,,2023-10-22 12:56:02.625159,2023-10-22 12:56:02.625159
82,DISCOVERY XR656,,2023-10-22 12:56:02.625094,2023-10-22 12:56:02.625094
83,CA1000,,2023-10-22 12:56:02.625062,2023-10-22 12:56:02.625062
84,DEFINIUM 8000,,2023-10-22 12:56:02.625089,2023-10-22 12:56:02.625089
85,IRM 3T,,2023-10-22 12:56:02.625192,2023-10-22 12:56:02.625192
86,MAGNET IRM 3T,,2023-10-22 12:56:02.625222,2023-10-22 12:56:02.625222
87,M4160091 AWRB4,,2023-10-22 12:56:02.625218,2023-10-22 12:56:02.625218
88,ECHOPAC REA,,2023-10-22 12:56:02.625115,2023-10-22 12:56:02.625115
89,ECHOPAC REA SERVEUR,,2023-10-22 12:56:02.625119,2023-10-22 12:56:02.625119
90,ECHOPAC REA ANCIEN SERVEUR,,2023-10-22 12:56:02.625117,2023-10-22 12:56:02.625117
91,ECHOPAC REA PORTABLE,,2023-10-22 12:56:02.625118,2023-10-22 12:56:02.625118
92,ECHOPAC REA  VIVID S6,,2023-10-22 12:56:02.625116,2023-10-22 12:56:02.625116
93,PC SALLE VIEWPOINT,,2023-10-22 12:56:02.625263,2023-10-22 12:56:02.625263
94,S4160068 AWRC3,,2023-10-22 12:56:02.625294,2023-10-22 12:56:02.625294
95,GIVEN PC,,2023-10-22 12:56:02.625163,2023-10-22 12:56:02.625163
96,SIMULATEUR COUPOLE,,2023-10-22 12:56:02.625313,2023-10-22 12:56:02.625313
97, PC QUI PILOTE L'OCTOPUS,,2023-10-22 12:56:02.625029,2023-10-22 12:56:02.625029
98,SYSTEME PHOTO-VIDEO NUM,,2023-10-22 12:56:02.625335,2023-10-22 12:56:02.625335
99,HEIDELBERG  SLO,,2023-10-22 12:56:02.625166,2023-10-22 12:56:02.625166
100,HITACHI OMEGA,,2023-10-22 12:56:02.625167,2023-10-22 12:56:02.625167
101,PANEL PC SMS MULTIMEDIA,,2023-10-22 12:56:02.625256,2023-10-22 12:56:02.625256
102,PFT,,2023-10-22 12:56:02.625271,2023-10-22 12:56:02.625271
103,BABYBODY,,2023-10-22 12:56:02.625053,2023-10-22 12:56:02.625053
104,IOS,,2023-10-22 12:56:02.625190,2023-10-22 12:56:02.625190
105,SRVJAEGER,,2023-10-22 12:56:02.625328,2023-10-22 12:56:02.625328
106,OXYCON,,2023-10-22 12:56:02.625249,2023-10-22 12:56:02.625249
107,PC LECTURE OXYCON,,2023-10-22 12:56:02.625262,2023-10-22 12:56:02.625262
108,PC LECTURE IOS,,2023-10-22 12:56:02.625261,2023-10-22 12:56:02.625261
109,ROBOT DE GRAVAGE,,2023-10-22 12:56:02.625288,2023-10-22 12:56:02.625288
110,ROSA MEDTECH,,2023-10-22 12:56:02.625289,2023-10-22 12:56:02.625289
111,MEDTECH1,,2023-10-22 12:56:02.625228,2023-10-22 12:56:02.625228
112,ROSA SPINE,,2023-10-22 12:56:02.625290,2023-10-22 12:56:02.625290
113,OARM,,2023-10-22 12:56:02.625245,2023-10-22 12:56:02.625245
114,NEURONAVIGATION,,2023-10-22 12:56:02.625242,2023-10-22 12:56:02.625242
115,PLANIFICATION,,2023-10-22 12:56:02.625273,2023-10-22 12:56:02.625273
116,STIMULATEUR OPTO COULEUR,,2023-10-22 12:56:02.625330,2023-10-22 12:56:02.625330
117,G1201318,,2023-10-22 12:56:02.625154,2023-10-22 12:56:02.625154
118,CAMERA IP,,2023-10-22 12:56:02.625066,2023-10-22 12:56:02.625066
119,MICROMED-SQL,,2023-10-22 12:56:02.625229,2023-10-22 12:56:02.625229
120,TABLE OPH,,2023-10-22 12:56:02.625336,2023-10-22 12:56:02.625336
121,NIHON KODEN,,2023-10-22 12:56:02.625244,2023-10-22 12:56:02.625244
122,CARDIOSERV,,2023-10-22 12:56:02.625067,2023-10-22 12:56:02.625067
123,ECG-1550K WIFI,,2023-10-22 12:56:02.625102,2023-10-22 12:56:02.625102
124,PACS PHILIPS,,2023-10-22 12:56:02.625252,2023-10-22 12:56:02.625252
125,IRM RECHERCHE,,2023-10-22 12:56:02.625194,2023-10-22 12:56:02.625194
126,IRM,,2023-10-22 12:56:02.625191,2023-10-22 12:56:02.625191
127,SERVEUR APPLICATION,,2023-10-22 12:56:02.625310,2023-10-22 12:56:02.625310
128,DYNASUITE,,2023-10-22 12:56:02.625101,2023-10-22 12:56:02.625101
129,CLIENT PORTAL,,2023-10-22 12:56:02.625072,2023-10-22 12:56:02.625072
130,SENSAVUE,,2023-10-22 12:56:02.625305,2023-10-22 12:56:02.625305
131,SERVEUR XCELERA,,2023-10-22 12:56:02.625312,2023-10-22 12:56:02.625312
132,XCELERA CLIENT,,2023-10-22 12:56:02.625356,2023-10-22 12:56:02.625356
133,QLAB,,2023-10-22 12:56:02.625280,2023-10-22 12:56:02.625280
134,IE33S2,,2023-10-22 12:56:02.625174,2023-10-22 12:56:02.625174
135,IE33S3,,2023-10-22 12:56:02.625175,2023-10-22 12:56:02.625175
136,SPS_16_LTE1302 2014-11746,,2023-10-22 12:56:02.625324,2023-10-22 12:56:02.625324
137,SPS_16_LTE1303 2014-11745,,2023-10-22 12:56:02.625325,2023-10-22 12:56:02.625325
138,SPS_16_LTE2301 2014-11748,,2023-10-22 12:56:02.625326,2023-10-22 12:56:02.625326
139,SPS_16_LTE2302 2014-11747,,2023-10-22 12:56:02.625327,2023-10-22 12:56:02.625327
140,CONSOLE ELEVA,,2023-10-22 12:56:02.625076,2023-10-22 12:56:02.625076
141,AC500,,2023-10-22 12:56:02.625032,2023-10-22 12:56:02.625032
142,AC5000,,2023-10-22 12:56:02.625033,2023-10-22 12:56:02.625033
143,CONSOLE XCELERA,,2023-10-22 12:56:02.625087,2023-10-22 12:56:02.625087
144,CX50,,2023-10-22 12:56:02.625088,2023-10-22 12:56:02.625088
145,INTRASENSE,,2023-10-22 12:56:02.625189,2023-10-22 12:56:02.625189
146,SERVEUR IMPRESSION DICOM,,2023-10-22 12:56:02.625311,2023-10-22 12:56:02.625311
147,IMPRIMANTE LASER,,2023-10-22 12:56:02.625181,2023-10-22 12:56:02.625181
148,IMPRIMANTE,,2023-10-22 12:56:02.625180,2023-10-22 12:56:02.625180
149,ECHOGRAPHE  902,,2023-10-22 12:56:02.625110,2023-10-22 12:56:02.625110
150,VIDEOTOPOGRAPHE   18822150,,2023-10-22 12:56:02.625345,2023-10-22 12:56:02.625345
151,ANGIORETINOGRAPHE,,2023-10-22 12:56:02.625042,2023-10-22 12:56:02.625042
152,CONSOLE ACQUISITION,,2023-10-22 12:56:02.625073,2023-10-22 12:56:02.625073
153,CONSOLE TRAITEMENT,,2023-10-22 12:56:02.625081,2023-10-22 12:56:02.625081
154,CONSOLE SERVEUR,,2023-10-22 12:56:02.625080,2023-10-22 12:56:02.625080
155,PROMAX,,2023-10-22 12:56:02.625279,2023-10-22 12:56:02.625279
156,CONSOLE VISU 1,,2023-10-22 12:56:02.625084,2023-10-22 12:56:02.625084
157,CONSOLE VISU 2,,2023-10-22 12:56:02.625085,2023-10-22 12:56:02.625085
158,SEQUOIA C512,,2023-10-22 12:56:02.625308,2023-10-22 12:56:02.625308
159,S2000 GNN,,2023-10-22 12:56:02.625293,2023-10-22 12:56:02.625293
160,S2000 GHS,,2023-10-22 12:56:02.625292,2023-10-22 12:56:02.625292
161,S2000,,2023-10-22 12:56:02.625291,2023-10-22 12:56:02.625291
162,IMPRIMANTE XEROX,,2023-10-22 12:56:02.625182,2023-10-22 12:56:02.625182
163,MC20,,2023-10-22 12:56:02.625226,2023-10-22 12:56:02.625226
164,SALLE ARTIS,,2023-10-22 12:56:02.625297,2023-10-22 12:56:02.625297
165,LEONARDO,,2023-10-22 12:56:02.625210,2023-10-22 12:56:02.625210
166,PERSPECTIVE,,2023-10-22 12:56:02.625270,2023-10-22 12:56:02.625270
167,HP 2015,,2023-10-22 12:56:02.625170,2023-10-22 12:56:02.625170
168,WIZARD TEP,,2023-10-22 12:56:02.625355,2023-10-22 12:56:02.625355
169,NAVIGATOR,,2023-10-22 12:56:02.625240,2023-10-22 12:56:02.625240
170,SOL1,,2023-10-22 12:56:02.625315,2023-10-22 12:56:02.625315
171,SOL2,,2023-10-22 12:56:02.625316,2023-10-22 12:56:02.625316
172,SOL3,,2023-10-22 12:56:02.625317,2023-10-22 12:56:02.625317
173,SOL4,,2023-10-22 12:56:02.625318,2023-10-22 12:56:02.625318
174,SOL5,,2023-10-22 12:56:02.625319,2023-10-22 12:56:02.625319
175,SOL6,,2023-10-22 12:56:02.625320,2023-10-22 12:56:02.625320
176,SOL7,,2023-10-22 12:56:02.625321,2023-10-22 12:56:02.625321
177,ESET1,,2023-10-22 12:56:02.625132,2023-10-22 12:56:02.625132
178,ESET2,,2023-10-22 12:56:02.625134,2023-10-22 12:56:02.625134
179,ESET3,,2023-10-22 12:56:02.625135,2023-10-22 12:56:02.625135
180,ESET4,,2023-10-22 12:56:02.625136,2023-10-22 12:56:02.625136
181,ESET5,,2023-10-22 12:56:02.625137,2023-10-22 12:56:02.625137
182,ESET6,,2023-10-22 12:56:02.625138,2023-10-22 12:56:02.625138
183,ESET7,,2023-10-22 12:56:02.625139,2023-10-22 12:56:02.625139
184,ESET8,,2023-10-22 12:56:02.625140,2023-10-22 12:56:02.625140
185,ESET9,,2023-10-22 12:56:02.625141,2023-10-22 12:56:02.625141
186,ESET10,,2023-10-22 12:56:02.625133,2023-10-22 12:56:02.625133
187,SERVEUR,,2023-10-22 12:56:02.625309,2023-10-22 12:56:02.625309
188,IT PANEL 1,,2023-10-22 12:56:02.625196,2023-10-22 12:56:02.625196
189,IT PANEL 2,,2023-10-22 12:56:02.625197,2023-10-22 12:56:02.625197
190,IT PANEL 3,,2023-10-22 12:56:02.625198,2023-10-22 12:56:02.625198
191,PAILLASSE 1,,2023-10-22 12:56:02.625254,2023-10-22 12:56:02.625254
192,PAILLASSE 2,,2023-10-22 12:56:02.625255,2023-10-22 12:56:02.625255
193,ENT1,,2023-10-22 12:56:02.625123,2023-10-22 12:56:02.625123
194,ENT2,,2023-10-22 12:56:02.625124,2023-10-22 12:56:02.625124
195,PAILLASE ETO,,2023-10-22 12:56:02.625253,2023-10-22 12:56:02.625253
196,LASERJET 1320N,,2023-10-22 12:56:02.625204,2023-10-22 12:56:02.625204
197,1° LDE pour ETO,,2023-10-22 12:56:02.625030,2023-10-22 12:56:02.625030
198,2° LDE pour ETO,,2023-10-22 12:56:02.625031,2023-10-22 12:56:02.625031
199,ECHOGRAPHE AIXPLORER 2,,2023-10-22 12:56:02.625111,2023-10-22 12:56:02.625111
200,XEROX,,2023-10-22 12:56:02.625358,2023-10-22 12:56:02.625358
201,ANGIOGRAPHE,,2023-10-22 12:56:02.625041,2023-10-22 12:56:02.625041
202,TOMOGRAPHE COHERENCE,,2023-10-22 12:56:02.625341,2023-10-22 12:56:02.625341
203,FLUOGRAPHE,,2023-10-22 12:56:02.625148,2023-10-22 12:56:02.625148
204,LECTEUR FILM,,2023-10-22 12:56:02.625209,2023-10-22 12:56:02.625209
205,PC SERVEUR,,2023-10-22 12:56:02.625264,2023-10-22 12:56:02.625264
206,OCT,,2023-10-22 12:56:02.625246,2023-10-22 12:56:02.625246
207,INTERFEROMETRE,,2023-10-22 12:56:02.625188,2023-10-22 12:56:02.625188
208,STATION DE PLANNING,,2023-10-22 12:56:02.625329,2023-10-22 12:56:02.625329
209,EPIQ7,,2023-10-22 12:56:02.625129,2023-10-22 12:56:02.625129
210,IE33,,2023-10-22 12:56:02.625173,2023-10-22 12:56:02.625173
211,CONSOLE MEDECOM,,2023-10-22 12:56:02.625077,2023-10-22 12:56:02.625077
212,HD11,,2023-10-22 12:56:02.625165,2023-10-22 12:56:02.625165
213,CONSOLE EEG,,2023-10-22 12:56:02.625075,2023-10-22 12:56:02.625075
214,FIREWALL-IGS730,,2023-10-22 12:56:02.625147,2023-10-22 12:56:02.625147
215,PC,,2023-10-22 12:56:02.625258,2023-10-22 12:56:02.625258
216,ISISiom,,2023-10-22 12:56:02.625195,2023-10-22 12:56:02.625195
217,C321dn,,2023-10-22 12:56:02.625060,2023-10-22 12:56:02.625060
218,ES7470MFT,,2023-10-22 12:56:02.625131,2023-10-22 12:56:02.625131
219,STOCKERT 24 90 30,,2023-10-22 12:56:02.625331,2023-10-22 12:56:02.625331
220,TEE,,2023-10-22 12:56:02.625339,2023-10-22 12:56:02.625339
221,EPIQ5,,2023-10-22 12:56:02.625126,2023-10-22 12:56:02.625126
222,LIGHTSPEED 64,,2023-10-22 12:56:02.625212,2023-10-22 12:56:02.625212
223,raspberrypi,,2023-10-22 12:56:02.625281,2023-10-22 12:56:02.625281
224,MULTIPLAN,,2023-10-22 12:56:02.625237,2023-10-22 12:56:02.625237
225,Parkinson,,2023-10-22 12:56:02.625257,2023-10-22 12:56:02.625257
226,SALLE EOS,,2023-10-22 12:56:02.625298,2023-10-22 12:56:02.625298
227,SYMBIA INTEVO,,2023-10-22 12:56:02.625334,2023-10-22 12:56:02.625334
228,XLTEK,,2023-10-22 12:56:02.625363,2023-10-22 12:56:02.625363
229,BV ENDURA,,2023-10-22 12:56:02.625057,2023-10-22 12:56:02.625057
230,BV VERADUS,,2023-10-22 12:56:02.625058,2023-10-22 12:56:02.625058
231,CALLISTO EYE,,2023-10-22 12:56:02.625063,2023-10-22 12:56:02.625063
232,PC VIRTUEL,,2023-10-22 12:56:02.625265,2023-10-22 12:56:02.625265
233,mobile ZIEHM,,2023-10-22 12:56:02.625234,2023-10-22 12:56:02.625234
234,OXYCON PRO,,2023-10-22 12:56:02.625250,2023-10-22 12:56:02.625250
235,HAIVISION,,2023-10-22 12:56:02.625164,2023-10-22 12:56:02.625164
236,ELI 150c,,2023-10-22 12:56:02.625120,2023-10-22 12:56:02.625120
237,BIOMETRE,,2023-10-22 12:56:02.625055,2023-10-22 12:56:02.625055
238,TEP GE,,2023-10-22 12:56:02.625340,2023-10-22 12:56:02.625340
239,IMACTIS,,2023-10-22 12:56:02.625178,2023-10-22 12:56:02.625178
240,ViosWorks  Arterys,,2023-10-22 12:56:02.625346,2023-10-22 12:56:02.625346
241,Injecteur MEDRAD,,2023-10-22 12:56:02.625185,2023-10-22 12:56:02.625185
242,EPIQ5G,,2023-10-22 12:56:02.625128,2023-10-22 12:56:02.625128
243,EPIQ5C,,2023-10-22 12:56:02.625127,2023-10-22 12:56:02.625127
244,CONSOLE RELECTURE,,2023-10-22 12:56:02.625079,2023-10-22 12:56:02.625079
245,CONSOLE VARIAN,,2023-10-22 12:56:02.625083,2023-10-22 12:56:02.625083
246,UR-4MD,,2023-10-22 12:56:02.625343,2023-10-22 12:56:02.625343
247,ECHOGRAPHE MINDRAY TE7,,2023-10-22 12:56:02.625113,2023-10-22 12:56:02.625113
248,DV5950,,2023-10-22 12:56:02.625100,2023-10-22 12:56:02.625100
249,EPIQ7C,,2023-10-22 12:56:02.625130,2023-10-22 12:56:02.625130
250,LOGIC S8,,2023-10-22 12:56:02.625216,2023-10-22 12:56:02.625216
251,CASE,,2023-10-22 12:56:02.625068,2023-10-22 12:56:02.625068
252,analyseur VO2,,2023-10-22 12:56:02.625039,2023-10-22 12:56:02.625039
253,mobile Cios Siemens,,2023-10-22 12:56:02.625231,2023-10-22 12:56:02.625231
254,VOLUSON E10,,2023-10-22 12:56:02.625350,2023-10-22 12:56:02.625350
255,XEROX C60,,2023-10-22 12:56:02.625359,2023-10-22 12:56:02.625359
256,XEROX COLORQUBE 8580N,,2023-10-22 12:56:02.625361,2023-10-22 12:56:02.625361
257,XEROX C8030,,2023-10-22 12:56:02.625360,2023-10-22 12:56:02.625360
258,INTERFACE XLTEK,,2023-10-22 12:56:02.625187,2023-10-22 12:56:02.625187
259,CONSOLE CARDIOREPORT,,2023-10-22 12:56:02.625074,2023-10-22 12:56:02.625074
260,CONSOLE VOLCANO,,2023-10-22 12:56:02.625086,2023-10-22 12:56:02.625086
261,INNOVA IGS 520,,2023-10-22 12:56:02.625186,2023-10-22 12:56:02.625186
262,Infinity Delta XL,,2023-10-22 12:56:02.625183,2023-10-22 12:56:02.625183
263,MVWS,,2023-10-22 12:56:02.625238,2023-10-22 12:56:02.625238
264,DF5000,,2023-10-22 12:56:02.625090,2023-10-22 12:56:02.625090
265,NEW TEE,,2023-10-22 12:56:02.625243,2023-10-22 12:56:02.625243
266,MOVIX 40,,2023-10-22 12:56:02.625236,2023-10-22 12:56:02.625236
267,ECHO VOLUSON E10,,2023-10-22 12:56:02.625105,2023-10-22 12:56:02.625105
268,ECHOPAC CONSOLE,,2023-10-22 12:56:02.625114,2023-10-22 12:56:02.625114
269,LOGIC E10,,2023-10-22 12:56:02.625213,2023-10-22 12:56:02.625213
270,EPIQ ELITE,,2023-10-22 12:56:02.625125,2023-10-22 12:56:02.625125
271,REVOLUTION CT,,2023-10-22 12:56:02.625287,2023-10-22 12:56:02.625287
272,SCANNER OPTIMA,,2023-10-22 12:56:02.625301,2023-10-22 12:56:02.625301
273,MAMMOGRAPHE,,2023-10-22 12:56:02.625224,2023-10-22 12:56:02.625224
274,CONSOLE RADIOLOGIE,,2023-10-22 12:56:02.625078,2023-10-22 12:56:02.625078
275,VIVID S70,,2023-10-22 12:56:02.625349,2023-10-22 12:56:02.625349
276,SEQUOIA,,2023-10-22 12:56:02.625307,2023-10-22 12:56:02.625307
277,NEURONAVIGATEUR,,2023-10-22 12:56:02.625241,2023-10-22 12:56:02.625241
278,ECHO VIVID E95,,2023-10-22 12:56:02.625104,2023-10-22 12:56:02.625104
279,ECHO VOLUSON S6,,2023-10-22 12:56:02.625107,2023-10-22 12:56:02.625107
280,ECHO VOLUSON P6,,2023-10-22 12:56:02.625106,2023-10-22 12:56:02.625106
281,EMG PES,,2023-10-22 12:56:02.625121,2023-10-22 12:56:02.625121
282,Analyseur de Composition Corporelle,,2023-10-22 12:56:02.625038,2023-10-22 12:56:02.625038
283,TC70,,2023-10-22 12:56:02.625338,2023-10-22 12:56:02.625338
284,aplio i800,,2023-10-22 12:56:02.625045,2023-10-22 12:56:02.625045
285,OEC One,,2023-10-22 12:56:02.625247,2023-10-22 12:56:02.625247
286,FTIR-8400,,2023-10-22 12:56:02.625149,2023-10-22 12:56:02.625149
287,VOLUSON SWIFT,,2023-10-22 12:56:02.625354,2023-10-22 12:56:02.625354
288,PACS ORTHANC,,2023-10-22 12:56:02.625251,2023-10-22 12:56:02.625251
289,S8,,2023-10-22 12:56:02.625296,2023-10-22 12:56:02.625296
290,STREAMBOX,,2023-10-22 12:56:02.625332,2023-10-22 12:56:02.625332
291,PRISTINA,,2023-10-22 12:56:02.625278,2023-10-22 12:56:02.625278
292,SENO CONNECT,,2023-10-22 12:56:02.625303,2023-10-22 12:56:02.625303
293,VIVID S60,,2023-10-22 12:56:02.625348,2023-10-22 12:56:02.625348
294,OLIMEX_ESP32_POE,,2023-10-22 12:56:02.625248,2023-10-22 12:56:02.625248
295,DIGITALDIAGNOST C50,,2023-10-22 12:56:02.625092,2023-10-22 12:56:02.625092
296,bandeau lumineux,,2023-10-22 12:56:02.625054,2023-10-22 12:56:02.625054
297,mobile GE,,2023-10-22 12:56:02.625232,2023-10-22 12:56:02.625232
298,ECHO VOLUSON SWIFT,,2023-10-22 12:56:02.625108,2023-10-22 12:56:02.625108
299,Digi One SP,,2023-10-22 12:56:02.625091,2023-10-22 12:56:02.625091
300,CENTRALE PIICIX,,2023-10-22 12:56:02.625070,2023-10-22 12:56:02.625070
301,Alpha Ethernet Adapter II,,2023-10-22 12:56:02.625036,2023-10-22 12:56:02.625036
302,FIREWALL,,2023-10-22 12:56:02.625144,2023-10-22 12:56:02.625144
303,PIC IX,,2023-10-22 12:56:02.625272,2023-10-22 12:56:02.625272
304,DNS-345,,2023-10-22 12:56:02.625097,2023-10-22 12:56:02.625097
305,YSIO,,2023-10-22 12:56:02.625364,2023-10-22 12:56:02.625364
306,FDR-Nano,,2023-10-22 12:56:02.625142,2023-10-22 12:56:02.625142
307,REVOLUTION ASCEND,,2023-10-22 12:56:02.625286,2023-10-22 12:56:02.625286
308,SENTRYSUITE,,2023-10-22 12:56:02.625306,2023-10-22 12:56:02.625306
309,USB-EHTERNET,,2023-10-22 12:56:02.625344,2023-10-22 12:56:02.625344
310,SCANNER CT540,,2023-10-22 12:56:02.625299,2023-10-22 12:56:02.625299
311,GAMMA CAMERA D870DR,,2023-10-22 12:56:02.625161,2023-10-22 12:56:02.625161
312,XELERIS,,2023-10-22 12:56:02.625357,2023-10-22 12:56:02.625357
313,injecteur CENTARGO,,2023-10-22 12:56:02.625184,2023-10-22 12:56:02.625184
314,fibroscan630,,2023-10-22 12:56:02.625143,2023-10-22 12:56:02.625143
315,HOLOGIC,,2023-10-22 12:56:02.625168,2023-10-22 12:56:02.625168
316,HP ML350 GEN10,,2023-10-22 12:56:02.625171,2023-10-22 12:56:02.625171
317,application DATQUANT,,2023-10-22 12:56:02.625046,2023-10-22 12:56:02.625046
318,VIVID E95,,2023-10-22 12:56:02.625347,2023-10-22 12:56:02.625347
319,SURGIVISIO,,2023-10-22 12:56:02.625333,2023-10-22 12:56:02.625333
320,VOLUSON S6,,2023-10-22 12:56:02.625353,2023-10-22 12:56:02.625353
321,PELVIC MENTOR,,2023-10-22 12:56:02.625269,2023-10-22 12:56:02.625269
322,U/S MENTOR,,2023-10-22 12:56:02.625342,2023-10-22 12:56:02.625342
323,GI BRONCH MENTOR,,2023-10-22 12:56:02.625162,2023-10-22 12:56:02.625162
324,LAP MENTOR,,2023-10-22 12:56:02.625203,2023-10-22 12:56:02.625203
325,Simusante RDC haut,,2023-10-22 12:56:02.625314,2023-10-22 12:56:02.625314
326,ANATOMAGE,,2023-10-22 12:56:02.625040,2023-10-22 12:56:02.625040
327,MCT,,2023-10-22 12:56:02.625227,2023-10-22 12:56:02.625227
328,ARIETTA 850,,2023-10-22 12:56:02.625047,2023-10-22 12:56:02.625047
329,SOLx,,2023-10-22 12:56:02.625322,2023-10-22 12:56:02.625322
330,SOLy,,2023-10-22 12:56:02.625323,2023-10-22 12:56:02.625323
331,ImagePRESS C265,,2023-10-22 12:56:02.625179,2023-10-22 12:56:02.625179
332,C3926i,,2023-10-22 12:56:02.625061,2023-10-22 12:56:02.625061
333,C1533,,2023-10-22 12:56:02.625059,2023-10-22 12:56:02.625059
334,mobile GE OEC ELITE,,2023-10-22 12:56:02.625233,2023-10-22 12:56:02.625233
335,CIOS SELECT,,2023-10-22 12:56:02.625071,2023-10-22 12:56:02.625071
336,TC50,,2023-10-22 12:56:02.625337,2023-10-22 12:56:02.625337
